{"cameraMode":{"drawMode":0,"name":"Shaded","section":"Shading Mode"},"sceneLighting":false,"audioPlay":false,"sceneViewState":{"showFog":true,"showMaterialUpdate":false,"showSkybox":false,"showFlares":true,"showImageEffects":true,"showParticleSystems":true},"in2DMode":false,"pivot":{"x":-0.11399978399276734,"y":0.9603132009506226,"z":1.889815330505371},"rotation":{"x":0.23753440380096436,"y":-0.237535297870636,"z":0.05998321995139122,"w":0.9400202631950378},"size":5.794368743896484,"orthographic":false}