{"cameraMode":{"drawMode":0,"name":"Shaded","section":"Shading Mode"},"sceneLighting":false,"audioPlay":false,"sceneViewState":{"showFog":true,"showMaterialUpdate":false,"showSkybox":false,"showFlares":true,"showImageEffects":true,"showParticleSystems":true},"in2DMode":false,"pivot":{"x":0.2485799938440323,"y":0.2549999952316284,"z":0.12099999934434891},"rotation":{"x":0.1267503798007965,"y":0.1411672681570053,"z":-0.018190953880548478,"w":0.9816985130310059},"size":0.5715767741203308,"orthographic":false}