{"cameraMode":{"drawMode":0,"name":"Shaded","section":"Shading Mode"},"sceneLighting":true,"audioPlay":false,"sceneViewState":{"showFog":true,"showMaterialUpdate":false,"showSkybox":true,"showFlares":true,"showImageEffects":true,"showParticleSystems":true},"in2DMode":false,"pivot":{"x":-0.11399978399276734,"y":0.9603132009506226,"z":1.889815330505371},"rotation":{"x":0.25947779417037966,"y":0.014479227364063263,"z":-0.003916244953870773,"w":0.9656807780265808},"size":5.794368743896484,"orthographic":false}