{"cameraMode":{"drawMode":0,"name":"Shaded","section":"Shading Mode"},"sceneLighting":false,"audioPlay":false,"sceneViewState":{"showFog":true,"showMaterialUpdate":false,"showSkybox":false,"showFlares":true,"showImageEffects":true,"showParticleSystems":true},"in2DMode":false,"pivot":{"x":-0.4882467985153198,"y":-0.35325896739959719,"z":0.9771137237548828},"rotation":{"x":0.23866283893585206,"y":-0.0797063559293747,"z":0.01968718320131302,"w":0.9676883220672607},"size":7.47776985168457,"orthographic":false}