{"cameraMode":{"drawMode":0,"name":"Shaded","section":"Shading Mode"},"sceneLighting":true,"audioPlay":false,"sceneViewState":{"showFog":true,"showMaterialUpdate":false,"showSkybox":true,"showFlares":true,"showImageEffects":true,"showParticleSystems":true},"in2DMode":false,"pivot":{"x":0.5429511666297913,"y":1.1391880512237549,"z":2.6334571838378908},"rotation":{"x":-0.11558091640472412,"y":-0.011473499238491059,"z":0.0002656689612194896,"w":-0.9934478998184204},"size":4.286782264709473,"orthographic":false}