{"cameraMode":{"drawMode":0,"name":"Shaded","section":"Shading Mode"},"sceneLighting":true,"audioPlay":false,"sceneViewState":{"showFog":true,"showMaterialUpdate":false,"showSkybox":true,"showFlares":true,"showImageEffects":true,"showParticleSystems":true},"in2DMode":false,"pivot":{"x":-5.299465656280518,"y":0.054127488285303119,"z":8.988737106323243},"rotation":{"x":0.10261788219213486,"y":-0.2850922644138336,"z":0.03430208936333656,"w":0.9528656601905823},"size":8.780645370483399,"orthographic":false}