{"cameraMode":{"drawMode":0,"name":"Shaded","section":"Shading Mode"},"sceneLighting":false,"audioPlay":false,"sceneViewState":{"showFog":true,"showMaterialUpdate":false,"showSkybox":false,"showFlares":true,"showImageEffects":true,"showParticleSystems":true},"in2DMode":false,"pivot":{"x":3.3299238681793215,"y":2.4059860706329347,"z":2.8374686241149904},"rotation":{"x":0.03313899785280228,"y":-0.06145205348730087,"z":0.003860088996589184,"w":0.9979625344276428},"size":3.8879358768463136,"orthographic":false}