{"cameraMode":{"drawMode":0,"name":"Shaded","section":"Shading Mode"},"sceneLighting":true,"audioPlay":false,"sceneViewState":{"showFog":true,"showMaterialUpdate":false,"showSkybox":true,"showFlares":true,"showImageEffects":true,"showParticleSystems":true},"in2DMode":false,"pivot":{"x":1.0571262836456299,"y":4.742841720581055,"z":28.767593383789064},"rotation":{"x":-0.05966505780816078,"y":0.012229962274432183,"z":0.0014008741127327085,"w":0.998485267162323},"size":30.012584686279298,"orthographic":false}