{"cameraMode":{"drawMode":0,"name":"Shaded","section":"Shading Mode"},"sceneLighting":false,"audioPlay":false,"sceneViewState":{"showFog":true,"showMaterialUpdate":false,"showSkybox":false,"showFlares":true,"showImageEffects":true,"showParticleSystems":true},"in2DMode":false,"pivot":{"x":0.5531396269798279,"y":0.5442087054252625,"z":0.5054309964179993},"rotation":{"x":0.21850723028182984,"y":0.6757168173789978,"z":-0.21421034634113313,"w":0.6713647246360779},"size":0.9739096760749817,"orthographic":false}