{"cameraMode":{"drawMode":0,"name":"Shaded","section":"Shading Mode"},"sceneLighting":true,"audioPlay":false,"sceneViewState":{"showFog":true,"showMaterialUpdate":false,"showSkybox":true,"showFlares":true,"showImageEffects":true,"showParticleSystems":true},"in2DMode":false,"pivot":{"x":0.633105993270874,"y":0.38330963253974917,"z":5.640489101409912},"rotation":{"x":0.1838858723640442,"y":0.028662260621786119,"z":-0.0012098781298846007,"w":0.9830362796783447},"size":6.0452351570129398,"orthographic":false}