{"cameraMode":{"drawMode":0,"name":"Shaded","section":"Shading Mode"},"sceneLighting":false,"audioPlay":false,"sceneViewState":{"showFog":true,"showMaterialUpdate":false,"showSkybox":false,"showFlares":true,"showImageEffects":true,"showParticleSystems":true},"in2DMode":false,"pivot":{"x":1.9228568077087403,"y":-0.20602372288703919,"z":-0.42779427766799929},"rotation":{"x":-0.07873091846704483,"y":-0.7335453629493713,"z":0.08463135361671448,"w":-0.6701921224594116},"size":2.9540176391601564,"orthographic":false}