{"cameraMode":{"drawMode":0,"name":"Shaded","section":"Shading Mode"},"sceneLighting":true,"audioPlay":false,"sceneViewState":{"showFog":true,"showMaterialUpdate":false,"showSkybox":true,"showFlares":true,"showImageEffects":true,"showParticleSystems":true},"in2DMode":false,"pivot":{"x":0.029816478490829469,"y":1.3742692470550538,"z":2.1544556617736818},"rotation":{"x":-0.09020033478736878,"y":0.0020604445599019529,"z":-0.0005531773203983903,"w":-0.9960853457450867},"size":5.922832489013672,"orthographic":false}