{"cameraMode":{"drawMode":0,"name":"Shaded","section":"Shading Mode"},"sceneLighting":false,"audioPlay":false,"sceneViewState":{"showFog":true,"showMaterialUpdate":false,"showSkybox":false,"showFlares":true,"showImageEffects":true,"showParticleSystems":true},"in2DMode":false,"pivot":{"x":-0.05198480561375618,"y":0.17457085847854615,"z":-0.11000499874353409},"rotation":{"x":0.3394237756729126,"y":-0.04834861680865288,"z":0.020938483998179437,"w":0.9396577477455139},"size":1.0157005786895753,"orthographic":false}