{"cameraMode":{"drawMode":0,"name":"Shaded","section":"Shading Mode"},"sceneLighting":false,"audioPlay":false,"sceneViewState":{"showFog":true,"showMaterialUpdate":false,"showSkybox":false,"showFlares":true,"showImageEffects":true,"showParticleSystems":true},"in2DMode":false,"pivot":{"x":3.7647976875305177,"y":-15.733908653259278,"z":-38.198795318603519},"rotation":{"x":-0.003715833416208625,"y":0.9784220457077026,"z":-0.20734214782714845,"w":-0.021857524290680887},"size":47.18816375732422,"orthographic":false}