{"cameraMode":{"drawMode":0,"name":"Shaded","section":"Shading Mode"},"sceneLighting":false,"audioPlay":false,"sceneViewState":{"showFog":true,"showMaterialUpdate":false,"showSkybox":false,"showFlares":true,"showImageEffects":true,"showParticleSystems":true},"in2DMode":false,"pivot":{"x":0.395934134721756,"y":-3.185695171356201,"z":3.9553165435791017},"rotation":{"x":0.2525169253349304,"y":0.018887555226683618,"z":-0.004828843753784895,"w":0.9674773216247559},"size":9.3186616897583,"orthographic":false}