{"cameraMode":{"drawMode":0,"name":"Shaded","section":"Shading Mode"},"sceneLighting":false,"audioPlay":false,"sceneViewState":{"showFog":true,"showMaterialUpdate":false,"showSkybox":false,"showFlares":true,"showImageEffects":true,"showParticleSystems":true},"in2DMode":false,"pivot":{"x":-0.13035795092582704,"y":-0.025298217311501504,"z":-0.1658727526664734},"rotation":{"x":-0.010343434289097786,"y":0.949762761592865,"z":-0.31137996912002566,"w":-0.03135224059224129},"size":0.846132755279541,"orthographic":false}