{"cameraMode":{"drawMode":0,"name":"Shaded","section":"Shading Mode"},"sceneLighting":false,"audioPlay":false,"sceneViewState":{"showFog":true,"showMaterialUpdate":false,"showSkybox":false,"showFlares":true,"showImageEffects":true,"showParticleSystems":true},"in2DMode":false,"pivot":{"x":0.3540000319480896,"y":2.736999988555908,"z":3.6419999599456789},"rotation":{"x":-0.06431963294744492,"y":-0.11738693714141846,"z":0.007588341366499662,"w":-0.9909905195236206},"size":0.8768026232719421,"orthographic":false}