{"cameraMode":{"drawMode":0,"name":"Shaded","section":"Shading Mode"},"sceneLighting":false,"audioPlay":false,"sceneViewState":{"showFog":true,"showMaterialUpdate":false,"showSkybox":false,"showFlares":true,"showImageEffects":true,"showParticleSystems":true},"in2DMode":false,"pivot":{"x":0.3313891291618347,"y":2.7318434715270998,"z":3.682523488998413},"rotation":{"x":-0.09466337412595749,"y":0.01104349922388792,"z":-0.001089937170036137,"w":-0.9954665899276733},"size":0.8768026232719421,"orthographic":false}