{"cameraMode":{"drawMode":0,"name":"Shaded","section":"Shading Mode"},"sceneLighting":false,"audioPlay":false,"sceneViewState":{"showFog":true,"showMaterialUpdate":false,"showSkybox":false,"showFlares":true,"showImageEffects":true,"showParticleSystems":true},"in2DMode":false,"pivot":{"x":0.7188528776168823,"y":-0.1564422845840454,"z":-0.06085430830717087},"rotation":{"x":0.1835857629776001,"y":0.7143839001655579,"z":-0.20375092327594758,"w":0.6438181400299072},"size":1.4104235172271729,"orthographic":false}