{"cameraMode":{"drawMode":0,"name":"Shaded","section":"Shading Mode"},"sceneLighting":false,"audioPlay":false,"sceneViewState":{"showFog":true,"showMaterialUpdate":false,"showSkybox":false,"showFlares":true,"showImageEffects":true,"showParticleSystems":true},"in2DMode":false,"pivot":{"x":-16.03219223022461,"y":-5.254832744598389,"z":-8.70883560180664},"rotation":{"x":0.07330480217933655,"y":-0.8543800115585327,"z":0.1289476752281189,"w":0.49885430932044985},"size":26.235408782958986,"orthographic":false}